-- phpMyAdmin SQL Dump
-- version 5.1.1
-- https://www.phpmyadmin.net/
--
-- Host: 127.0.0.1
-- Generation Time: Feb 27, 2022 at 05:33 PM
-- Server version: 10.4.19-MariaDB
-- PHP Version: 7.4.20

SET SQL_MODE = "NO_AUTO_VALUE_ON_ZERO";
START TRANSACTION;
SET time_zone = "+00:00";


/*!40101 SET @OLD_CHARACTER_SET_CLIENT=@@CHARACTER_SET_CLIENT */;
/*!40101 SET @OLD_CHARACTER_SET_RESULTS=@@CHARACTER_SET_RESULTS */;
/*!40101 SET @OLD_COLLATION_CONNECTION=@@COLLATION_CONNECTION */;
/*!40101 SET NAMES utf8mb4 */;

--
-- Database: `cd_hrm`
--

-- --------------------------------------------------------

--
-- Table structure for table `addition`
--

CREATE TABLE `addition` (
  `addi_id` int(14) NOT NULL,
  `salary_id` int(14) NOT NULL,
  `basic` varchar(128) DEFAULT NULL,
  `medical` varchar(64) DEFAULT NULL,
  `house_rent` varchar(64) DEFAULT NULL,
  `conveyance` varchar(64) DEFAULT NULL
) ENGINE=InnoDB DEFAULT CHARSET=utf8;

--
-- Dumping data for table `addition`
--

INSERT INTO `addition` (`addi_id`, `salary_id`, `basic`, `medical`, `house_rent`, `conveyance`) VALUES
(25, 25, '25000.00', '2500.00', '20000.00', '2500.00'),
(26, 26, '22500.00', '2250.00', '18000.00', '2250.00'),
(27, 27, '60000.00', '6000.00', '48000.00', '6000.00'),
(28, 28, '12500.00', '1250.00', '10000.00', '1250.00'),
(29, 29, '18000.00', '1800.00', '14400.00', '1800.00');

-- --------------------------------------------------------

--
-- Table structure for table `address`
--

CREATE TABLE `address` (
  `id` int(14) NOT NULL,
  `emp_id` varchar(64) DEFAULT NULL,
  `city` varchar(128) DEFAULT NULL,
  `country` varchar(128) DEFAULT NULL,
  `address` varchar(512) DEFAULT NULL,
  `type` enum('Present','Permanent') DEFAULT 'Present'
) ENGINE=InnoDB DEFAULT CHARSET=latin1;

-- --------------------------------------------------------

--
-- Table structure for table `assets`
--

CREATE TABLE `assets` (
  `ass_id` int(14) NOT NULL,
  `catid` varchar(14) NOT NULL,
  `ass_name` varchar(256) DEFAULT NULL,
  `ass_brand` varchar(128) DEFAULT NULL,
  `ass_model` varchar(256) DEFAULT NULL,
  `ass_code` varchar(256) DEFAULT NULL,
  `configuration` varchar(512) DEFAULT NULL,
  `purchasing_date` varchar(128) DEFAULT NULL,
  `ass_price` varchar(128) DEFAULT NULL,
  `ass_qty` varchar(64) DEFAULT NULL,
  `in_stock` varchar(64) DEFAULT NULL
) ENGINE=InnoDB DEFAULT CHARSET=utf8;

--
-- Dumping data for table `assets`
--

INSERT INTO `assets` (`ass_id`, `catid`, `ass_name`, `ass_brand`, `ass_model`, `ass_code`, `configuration`, `purchasing_date`, `ass_price`, `ass_qty`, `in_stock`) VALUES
(19, '3', 'Laptop', 'HP', 'Hp2545 5', '5454545', 'fewf efh wfefh234623 u2u3 383', '12/01/2021', '50200', '10', '10'),
(20, '2', 'DeskTop', 'HPergre', 'ergregreg', 'regregreg', 'regrehf f ehwre', '11/29/2021', '2500000', '15', '15');

-- --------------------------------------------------------

--
-- Table structure for table `assets_category`
--

CREATE TABLE `assets_category` (
  `cat_id` int(14) NOT NULL,
  `cat_status` enum('ASSETS','LOGISTIC') NOT NULL DEFAULT 'ASSETS',
  `cat_name` varchar(256) DEFAULT NULL
) ENGINE=InnoDB DEFAULT CHARSET=utf8;

--
-- Dumping data for table `assets_category`
--

INSERT INTO `assets_category` (`cat_id`, `cat_status`, `cat_name`) VALUES
(1, 'ASSETS', 'TAB'),
(2, 'ASSETS', 'Computer'),
(3, 'ASSETS', 'Laptop'),
(4, 'LOGISTIC', 'tab');

-- --------------------------------------------------------

--
-- Table structure for table `assign_leave`
--

CREATE TABLE `assign_leave` (
  `id` int(14) NOT NULL,
  `app_id` varchar(11) NOT NULL,
  `emp_id` varchar(64) DEFAULT NULL,
  `type_id` int(14) NOT NULL,
  `day` varchar(256) DEFAULT NULL,
  `hour` varchar(255) NOT NULL,
  `total_day` varchar(64) DEFAULT NULL,
  `dateyear` varchar(64) DEFAULT NULL
) ENGINE=InnoDB DEFAULT CHARSET=utf8;

-- --------------------------------------------------------

--
-- Table structure for table `assign_task`
--

CREATE TABLE `assign_task` (
  `id` int(14) NOT NULL,
  `task_id` int(14) NOT NULL,
  `project_id` int(14) NOT NULL,
  `assign_user` varchar(64) DEFAULT NULL,
  `user_type` enum('Team Head','Collaborators') NOT NULL DEFAULT 'Collaborators'
) ENGINE=InnoDB DEFAULT CHARSET=utf8;

-- --------------------------------------------------------

--
-- Table structure for table `attendance`
--

CREATE TABLE `attendance` (
  `id` int(14) NOT NULL,
  `emp_id` varchar(64) DEFAULT NULL,
  `atten_date` varchar(64) DEFAULT NULL,
  `signin_time` time DEFAULT NULL,
  `signout_time` time DEFAULT NULL,
  `working_hour` varchar(64) DEFAULT NULL,
  `place` varchar(255) NOT NULL,
  `absence` varchar(128) DEFAULT NULL,
  `overtime` varchar(128) DEFAULT NULL,
  `earnleave` varchar(128) DEFAULT NULL,
  `status` varchar(64) DEFAULT NULL
) ENGINE=InnoDB DEFAULT CHARSET=utf8;

--
-- Dumping data for table `attendance`
--

INSERT INTO `attendance` (`id`, `emp_id`, `atten_date`, `signin_time`, `signout_time`, `working_hour`, `place`, `absence`, `overtime`, `earnleave`, `status`) VALUES
(993, '4', '2018-04-09', '11:00:00', '19:29:00', '08 h 29 m', 'office', '232 min', '149 min', NULL, 'A'),
(994, '20', '2018-04-12', '09:00:00', '17:00:00', '480', '', NULL, NULL, NULL, 'E'),
(995, '20', '2018-04-13', '09:00:00', '17:00:00', '480', '', NULL, NULL, NULL, 'E'),
(996, '20', '2018-04-14', '09:00:00', '17:00:00', '480', '', NULL, NULL, NULL, 'E'),
(997, '20', '2018-04-15', '09:00:00', '17:00:00', '480', '', NULL, NULL, NULL, 'E'),
(998, '2', '2018-02-20', '10:00:00', '17:00:00', '0 min', 'office', '429 min', '0 min', NULL, 'A'),
(999, '3', '2018-02-21', '09:00:00', '18:00:00', '0 min', 'office', '480 min', '0 min', NULL, 'A'),
(1000, '4', '2018-02-22', '09:00:00', '19:00:00', '247 min', 'office', '232 min', '149 min', NULL, 'A'),
(1001, '12', '2018-03-02', '01:00:00', '03:00:00', '396 min', 'office', '83 min', '142 min', NULL, 'A'),
(1002, '13', '2018-03-03', '02:00:00', '04:00:00', '480 min', 'office', '0 min', '34 min', NULL, 'A'),
(1003, '14', '2018-03-04', '03:00:00', '05:00:00', '399 min', 'office', '80 min', '152 min', NULL, 'A'),
(1004, '15', '2018-03-05', '04:00:00', '06:00:00', '480 min', 'office', '0 min', '133 min', NULL, 'A'),
(1005, '16', '2018-03-06', '05:00:00', '07:00:00', '0 min', 'office', '480 min', '0 min', NULL, 'A'),
(1006, '17', '2018-03-07', '06:00:00', '08:00:00', '480 min', 'office', '0 min', '286 min', NULL, 'A'),
(1007, '18', '2018-03-08', '07:00:00', '09:00:00', '431 min', 'office', '0 min', '140 min', NULL, 'A'),
(1008, '19', '2018-03-09', '08:00:00', '10:00:00', '377 min', 'office', '102 min', '192 min', NULL, 'A'),
(1009, '24', '2018-03-14', '01:00:00', '15:00:00', '433 min', 'office', '0 min', '140 min', NULL, 'A'),
(1010, '25', '2018-03-15', '02:00:00', '16:00:00', '480 min', 'office', '0 min', '0 min', NULL, 'A'),
(1011, '26', '2018-02-20', '03:00:00', '17:00:00', '339 min', 'office', '140 min', '178 min', NULL, 'A'),
(1012, 'admin', '2021-12-07', '08:55:00', '14:10:00', '05 h 15 m', 'office', NULL, NULL, NULL, 'A'),
(1013, 'P-002', '2021-12-07', '08:55:00', '05:25:00', '03 h 30 m', 'office', NULL, NULL, NULL, 'A'),
(1014, 'P-001', '2021-12-07', '08:55:00', '14:10:00', '05 h 15 m', 'office', NULL, NULL, NULL, 'A'),
(1015, 'admin', '2021-12-01', '11:20:00', '05:25:00', '05 h 55 m', 'office', NULL, NULL, NULL, 'A'),
(1016, 'admin', '2021-12-04', '08:55:00', '07:35:00', '01 h 20 m', 'office', NULL, NULL, NULL, 'A'),
(1017, 'admin', '2021-12-06', '09:30:00', '07:35:00', '01 h 55 m', 'office', NULL, NULL, NULL, 'A'),
(1018, 'admin', '2021-05-02', '09:00:00', '17:00:00', '480', '', NULL, NULL, NULL, 'E'),
(1019, 'P-002', '1922-02-11', '09:00:00', '17:00:00', '480', '', NULL, NULL, NULL, 'E'),
(1020, 'P-002', '1922-02-12', '09:00:00', '17:00:00', '480', '', NULL, NULL, NULL, 'E'),
(1021, 'P-002', '1922-02-13', '09:00:00', '17:00:00', '480', '', NULL, NULL, NULL, 'E'),
(1022, 'P-002', '1922-02-14', '09:00:00', '17:00:00', '480', '', NULL, NULL, NULL, 'E'),
(1023, 'P-002', '1922-02-15', '09:00:00', '17:00:00', '480', '', NULL, NULL, NULL, 'E'),
(1024, 'P-002', '1922-02-16', '09:00:00', '17:00:00', '480', '', NULL, NULL, NULL, 'E'),
(1025, 'P-002', '1922-02-17', '09:00:00', '17:00:00', '480', '', NULL, NULL, NULL, 'E'),
(1026, 'P-002', '1922-02-18', '09:00:00', '17:00:00', '480', '', NULL, NULL, NULL, 'E'),
(1027, '99', '2021-05-02', '09:00:00', '17:00:00', '480', '', NULL, NULL, NULL, 'E'),
(1028, 'P-001', '2020-06-08', '09:00:00', '17:00:00', '480', '', NULL, NULL, NULL, 'E'),
(1029, 'P-001', '2020-06-09', '09:00:00', '17:00:00', '480', '', NULL, NULL, NULL, 'E'),
(1030, 'P-001', '2020-06-10', '09:00:00', '17:00:00', '480', '', NULL, NULL, NULL, 'E'),
(1031, 'P-001', '2020-06-11', '09:00:00', '17:00:00', '480', '', NULL, NULL, NULL, 'E'),
(1032, 'P-001', '2020-06-12', '09:00:00', '17:00:00', '480', '', NULL, NULL, NULL, 'E');

-- --------------------------------------------------------

--
-- Table structure for table `bank_info`
--

CREATE TABLE `bank_info` (
  `id` int(14) NOT NULL,
  `em_id` varchar(64) DEFAULT NULL,
  `holder_name` varchar(256) DEFAULT NULL,
  `bank_name` varchar(256) DEFAULT NULL,
  `branch_name` varchar(256) DEFAULT NULL,
  `account_number` varchar(256) DEFAULT NULL,
  `account_type` varchar(256) DEFAULT NULL
) ENGINE=InnoDB DEFAULT CHARSET=utf8;

-- --------------------------------------------------------

--
-- Table structure for table `deduction`
--

CREATE TABLE `deduction` (
  `de_id` int(14) NOT NULL,
  `salary_id` int(14) NOT NULL,
  `provident_fund` varchar(64) DEFAULT NULL,
  `bima` varchar(64) DEFAULT NULL,
  `tax` varchar(64) DEFAULT NULL,
  `others` varchar(64) DEFAULT NULL
) ENGINE=InnoDB DEFAULT CHARSET=utf8;

--
-- Dumping data for table `deduction`
--

INSERT INTO `deduction` (`de_id`, `salary_id`, `provident_fund`, `bima`, `tax`, `others`) VALUES
(25, 25, '', '', '', ''),
(26, 26, '500', '', '2000', ''),
(27, 27, '', '', '', ''),
(28, 28, '', '', '', ''),
(29, 29, '', '', '', '');

-- --------------------------------------------------------

--
-- Table structure for table `department`
--

CREATE TABLE `department` (
  `id` int(11) NOT NULL,
  `dep_name` varchar(64) NOT NULL
) ENGINE=InnoDB DEFAULT CHARSET=latin1;

--
-- Dumping data for table `department`
--

INSERT INTO `department` (`id`, `dep_name`) VALUES
(2, 'Administration'),
(3, 'Finance, HR, & Admininstration'),
(4, 'Research'),
(5, 'Information Technology'),
(6, 'Support'),
(7, 'Programming');

-- --------------------------------------------------------

--
-- Table structure for table `desciplinary`
--

CREATE TABLE `desciplinary` (
  `id` int(14) NOT NULL,
  `em_id` varchar(64) DEFAULT NULL,
  `action` varchar(256) DEFAULT NULL,
  `title` varchar(256) DEFAULT NULL,
  `description` varchar(512) DEFAULT NULL
) ENGINE=InnoDB DEFAULT CHARSET=utf8;

--
-- Dumping data for table `desciplinary`
--

INSERT INTO `desciplinary` (`id`, `em_id`, `action`, `title`, `description`) VALUES
(4, 'Soy1332', 'Writing Warning', 'sdfdsf', 'dsfsdfsdfsd');

-- --------------------------------------------------------

--
-- Table structure for table `designation`
--

CREATE TABLE `designation` (
  `id` int(11) NOT NULL,
  `des_name` varchar(64) NOT NULL
) ENGINE=InnoDB DEFAULT CHARSET=latin1;

--
-- Dumping data for table `designation`
--

INSERT INTO `designation` (`id`, `des_name`) VALUES
(2, 'Vice Chairman'),
(3, 'Chief Executive Officer (CEO)'),
(4, 'Chief Finance & Admin Officer'),
(5, 'Sr. Finance & Admin Officer - I'),
(6, 'Jr. Finance & Admin Officer'),
(7, 'Senior Research Associate-1'),
(8, 'Research Associate-1'),
(9, 'Junior Research Associate'),
(10, 'Research Assistant'),
(11, 'Sr. Office Assistant'),
(12, 'Office Assistant'),
(13, 'IT Analyst'),
(14, 'Cook'),
(15, 'Graphics Designer'),
(16, 'PHP Developer'),
(17, 'Web Programmer'),
(18, 'Network Engineer'),
(19, 'React Developer'),
(20, 'Web Designer');

-- --------------------------------------------------------

--
-- Table structure for table `earned_leave`
--

CREATE TABLE `earned_leave` (
  `id` int(14) NOT NULL,
  `em_id` varchar(64) DEFAULT NULL,
  `present_date` varchar(64) DEFAULT NULL,
  `hour` varchar(64) DEFAULT NULL,
  `status` varchar(64) DEFAULT NULL
) ENGINE=InnoDB DEFAULT CHARSET=utf8;

--
-- Dumping data for table `earned_leave`
--

INSERT INTO `earned_leave` (`id`, `em_id`, `present_date`, `hour`, `status`) VALUES
(26, 'Mir1685', '0', '0', '1'),
(27, 'Rah1682', '0', '0', '1'),
(28, 'edr1432', '0', '0', '1'),
(29, 'Doe1753', '0', '0', '1'),
(30, 'Isl1977', '7', '56', '1'),
(31, 'Soy1332', '0', '0', '1'),
(32, 'Isl1321', '4', '32', '1');

-- --------------------------------------------------------

--
-- Table structure for table `education`
--

CREATE TABLE `education` (
  `id` int(11) NOT NULL,
  `emp_id` varchar(128) DEFAULT NULL,
  `edu_type` varchar(256) DEFAULT NULL,
  `institute` varchar(256) DEFAULT NULL,
  `result` varchar(64) DEFAULT NULL,
  `year` varchar(64) DEFAULT NULL
) ENGINE=InnoDB DEFAULT CHARSET=latin1;

-- --------------------------------------------------------

--
-- Table structure for table `employee`
--

CREATE TABLE `employee` (
  `id` int(11) NOT NULL,
  `em_id` varchar(64) DEFAULT NULL,
  `em_code` varchar(64) DEFAULT NULL,
  `des_id` int(11) DEFAULT NULL,
  `dep_id` int(11) DEFAULT NULL,
  `first_name` varchar(128) DEFAULT NULL,
  `last_name` varchar(128) DEFAULT NULL,
  `em_email` varchar(64) DEFAULT NULL,
  `em_password` varchar(512) NOT NULL,
  `em_role` enum('ADMIN','EMPLOYEE','SUPER ADMIN') NOT NULL DEFAULT 'EMPLOYEE',
  `em_address` varchar(512) DEFAULT NULL,
  `status` enum('ACTIVE','INACTIVE') NOT NULL DEFAULT 'ACTIVE',
  `em_gender` enum('Male','Female') NOT NULL DEFAULT 'Male',
  `em_phone` varchar(64) DEFAULT NULL,
  `em_birthday` varchar(128) DEFAULT NULL,
  `em_blood_group` enum('O+','O-','A+','A-','B+','B-','AB+','OB+') DEFAULT NULL,
  `em_joining_date` varchar(128) DEFAULT NULL,
  `em_contact_end` varchar(128) DEFAULT NULL,
  `em_image` varchar(128) DEFAULT NULL,
  `em_nid` varchar(64) DEFAULT NULL
) ENGINE=InnoDB DEFAULT CHARSET=latin1;

--
-- Dumping data for table `employee`
--

INSERT INTO `employee` (`id`, `em_id`, `em_code`, `des_id`, `dep_id`, `first_name`, `last_name`, `em_email`, `em_password`, `em_role`, `em_address`, `status`, `em_gender`, `em_phone`, `em_birthday`, `em_blood_group`, `em_joining_date`, `em_contact_end`, `em_image`, `em_nid`) VALUES
(10, 'Soy1332', '99', 2, 2, 'Nazim', 'Islam', 'nawjeshbd@gmail.com', '996a3778768a2c3ea7c5b586fdfc92051dfdd39c', 'SUPER ADMIN', NULL, 'ACTIVE', 'Female', '01723177901', '2017-12-26', 'B+', '2018-01-06', '2018-01-06', 'Soy1332.png', '132154566556'),
(36, 'Doe1753', 'admin', 2, 2, 'Islam', 'Yearul', 'islamyearul@gmail.com', 'cd5ea73cd58f827fa78eef7197b8ee606c99b2e6', 'ADMIN', NULL, 'ACTIVE', 'Male', '01825682260', '1995-01-31', 'AB+', '2010-01-01', '2019-02-22', 'Doe17531.jpg', '01253568955555'),
(37, 'Doe1754', '123444', 2, 2, 'Emon', 'Islam', 'employee@gmail.com', 'cd5ea73cd58f827fa78eef7197b8ee606c99b2e6', 'EMPLOYEE', NULL, 'ACTIVE', 'Male', '01825682260', '2019-02-13', 'O+', '2019-02-15', '2019-02-22', 'Doe1754.jpg', '01253568955555'),
(38, 'Isl1321', 'P-001', 17, 7, 'Saiful ', 'Islam', 'saiful@gmail.com', '318a9d9c0a5fd6917546a4d7bc5d3bff954c2191', 'EMPLOYEE', NULL, 'ACTIVE', 'Male', '0168524452582', '1993-02-09', 'B+', '2021-01-19', '', 'Isl1321.jpg', '4544455498468484684'),
(39, 'Isl1977', 'P-002', 7, 7, 'Muazzem', 'Islam', 'bablu@gmail.com', 'eb9e10d6ea99c16356ad51da8adf52237b83bb34', 'EMPLOYEE', NULL, 'ACTIVE', 'Male', '017454654654', '1993-12-01', 'A+', '2021-01-14', '', 'Isl1977.jpg', '5498498484848'),
(40, 'Isl1992', 'gfd', 4, 4, 'Yearulfgd', 'Islamfdgfd', 'admi5654n@gmail.com', '40479b5656536cdc47f5ed6515156e46db71108c', 'EMPLOYEE', NULL, 'INACTIVE', 'Male', '016852445258254', '2002-02-14', 'O-', '2006-02-13', '2019-06-21', 'Isl1992.jpg', '454445549846848468456'),
(41, 'Isl1300', 'P-001fdsfs', 19, 4, 'Yearulsdsf', 'Islamdsfd', 'fghfgadmin@gmail.com', 'c08c70ba557962dcaae5553a0522b3be53e53291', 'EMPLOYEE', NULL, 'ACTIVE', 'Female', '6436436436436', '1996-04-05', 'O-', '2000-12-21', '2010-12-21', 'Isl1300.jpg', '45435436436');

-- --------------------------------------------------------

--
-- Table structure for table `employee_file`
--

CREATE TABLE `employee_file` (
  `id` int(14) NOT NULL,
  `em_id` varchar(64) DEFAULT NULL,
  `file_title` varchar(512) DEFAULT NULL,
  `file_url` varchar(512) DEFAULT NULL
) ENGINE=InnoDB DEFAULT CHARSET=utf8;

-- --------------------------------------------------------

--
-- Table structure for table `emp_assets`
--

CREATE TABLE `emp_assets` (
  `id` int(11) NOT NULL,
  `emp_id` int(11) NOT NULL,
  `assets_id` int(11) NOT NULL,
  `given_date` date NOT NULL,
  `return_date` date NOT NULL
) ENGINE=InnoDB DEFAULT CHARSET=utf8;

-- --------------------------------------------------------

--
-- Table structure for table `emp_experience`
--

CREATE TABLE `emp_experience` (
  `id` int(14) NOT NULL,
  `emp_id` varchar(256) DEFAULT NULL,
  `exp_company` varchar(128) DEFAULT NULL,
  `exp_com_position` varchar(128) DEFAULT NULL,
  `exp_com_address` varchar(128) DEFAULT NULL,
  `exp_workduration` varchar(128) DEFAULT NULL
) ENGINE=InnoDB DEFAULT CHARSET=utf8;

-- --------------------------------------------------------

--
-- Table structure for table `emp_leave`
--

CREATE TABLE `emp_leave` (
  `id` int(11) NOT NULL,
  `em_id` varchar(64) DEFAULT NULL,
  `typeid` int(14) NOT NULL,
  `leave_type` varchar(64) DEFAULT NULL,
  `start_date` varchar(64) DEFAULT NULL,
  `end_date` varchar(64) DEFAULT NULL,
  `leave_duration` varchar(128) DEFAULT NULL,
  `apply_date` varchar(64) DEFAULT NULL,
  `reason` varchar(1024) DEFAULT NULL,
  `leave_status` enum('Approve','Not Approve','Rejected') NOT NULL DEFAULT 'Not Approve'
) ENGINE=InnoDB DEFAULT CHARSET=latin1;

--
-- Dumping data for table `emp_leave`
--

INSERT INTO `emp_leave` (`id`, `em_id`, `typeid`, `leave_type`, `start_date`, `end_date`, `leave_duration`, `apply_date`, `reason`, `leave_status`) VALUES
(37, 'Soy1332', 8, 'Full Day', '2021-12-01', '', '8', '2021-12-07', 'sick', 'Not Approve'),
(38, 'Doe1754', 5, 'Full Day', '2021-11-30', '', '8', '2021-12-07', 'Marrige', 'Not Approve'),
(39, 'Soy1332', 9, 'More than One day', '2021-12-01', '2021-12-05', '32', '2021-12-14', 'Similar to the contextual text color classes, easily set the background of an element to any contextual class. Anchor components will darken on hover, just like the text classes. Background utilities do not set color, so in some cases you’ll want to use .text-* utilities.\r\n\r\n.bg-primarySimilar to the contextual text color classes, easily set the background of an element to any contextual class. Anchor components will darken on hover, just like the text classes. Background utilities do not set color, so in some cases you’ll want to use .text-* utilities.\r\n\r\n.bg-primary', 'Not Approve');

-- --------------------------------------------------------

--
-- Table structure for table `emp_penalty`
--

CREATE TABLE `emp_penalty` (
  `id` int(11) NOT NULL,
  `emp_id` int(11) NOT NULL,
  `penalty_id` int(11) NOT NULL,
  `penalty_desc` text DEFAULT NULL
) ENGINE=InnoDB DEFAULT CHARSET=utf8;

-- --------------------------------------------------------

--
-- Table structure for table `emp_salary`
--

CREATE TABLE `emp_salary` (
  `id` int(11) NOT NULL,
  `emp_id` varchar(64) DEFAULT NULL,
  `type_id` int(11) NOT NULL,
  `total` varchar(64) DEFAULT NULL
) ENGINE=InnoDB DEFAULT CHARSET=utf8;

--
-- Dumping data for table `emp_salary`
--

INSERT INTO `emp_salary` (`id`, `emp_id`, `type_id`, `total`) VALUES
(25, 'Soy1332', 2, '50000'),
(26, 'Isl1321', 2, '45000'),
(27, 'Doe1753', 3, '120000'),
(28, 'Doe1754', 2, '25000'),
(29, 'Isl1977', 2, '36000');

-- --------------------------------------------------------

--
-- Table structure for table `emp_training`
--

CREATE TABLE `emp_training` (
  `id` int(11) NOT NULL,
  `trainig_id` int(11) NOT NULL,
  `emp_id` int(11) NOT NULL
) ENGINE=InnoDB DEFAULT CHARSET=utf8;

-- --------------------------------------------------------

--
-- Table structure for table `field_visit`
--

CREATE TABLE `field_visit` (
  `id` int(14) NOT NULL,
  `project_id` varchar(256) NOT NULL,
  `emp_id` varchar(64) DEFAULT NULL,
  `field_location` varchar(512) NOT NULL,
  `start_date` varchar(64) DEFAULT NULL,
  `approx_end_date` varchar(28) NOT NULL,
  `total_days` varchar(64) DEFAULT NULL,
  `notes` varchar(500) NOT NULL,
  `actual_return_date` varchar(28) NOT NULL,
  `status` enum('Approved','Not Approve','Rejected') NOT NULL DEFAULT 'Not Approve',
  `attendance_updated` varchar(11) NOT NULL
) ENGINE=InnoDB DEFAULT CHARSET=utf8;

-- --------------------------------------------------------

--
-- Table structure for table `holiday`
--

CREATE TABLE `holiday` (
  `id` int(11) NOT NULL,
  `holiday_name` varchar(256) DEFAULT NULL,
  `from_date` varchar(64) DEFAULT NULL,
  `to_date` varchar(64) DEFAULT NULL,
  `number_of_days` varchar(64) DEFAULT NULL,
  `year` varchar(64) DEFAULT NULL
) ENGINE=InnoDB DEFAULT CHARSET=utf8;

--
-- Dumping data for table `holiday`
--

INSERT INTO `holiday` (`id`, `holiday_name`, `from_date`, `to_date`, `number_of_days`, `year`) VALUES
(1, 'Aids Day', '2021-12-21', '2021-12-29', '8', '12-2021'),
(3, 'Language Day', '2021-02-21', '2021-02-22', '1', '02-2021'),
(4, 'independent day', '2021-03-26', '', '1', '03-2021');

-- --------------------------------------------------------

--
-- Table structure for table `leave_types`
--

CREATE TABLE `leave_types` (
  `type_id` int(14) NOT NULL,
  `name` varchar(64) NOT NULL,
  `leave_day` varchar(255) NOT NULL,
  `status` tinyint(1) NOT NULL DEFAULT 1
) ENGINE=InnoDB DEFAULT CHARSET=latin1;

--
-- Dumping data for table `leave_types`
--

INSERT INTO `leave_types` (`type_id`, `name`, `leave_day`, `status`) VALUES
(1, 'Casual Leave', '21', 1),
(2, 'Sick Leave', '15', 1),
(3, 'Maternity Leave', '90', 1),
(4, 'Paternal Leave', '7', 1),
(5, 'Earned leave', '', 1),
(7, 'Public Holiday', '', 1),
(8, 'Optional Leave', '', 1),
(9, 'Leave without Pay', '', 1);

-- --------------------------------------------------------

--
-- Table structure for table `loan`
--

CREATE TABLE `loan` (
  `id` int(14) NOT NULL,
  `emp_id` varchar(256) DEFAULT NULL,
  `amount` varchar(256) DEFAULT NULL,
  `interest_percentage` varchar(256) DEFAULT NULL,
  `total_amount` varchar(64) DEFAULT NULL,
  `total_pay` varchar(64) DEFAULT NULL,
  `total_due` varchar(64) DEFAULT NULL,
  `installment` varchar(256) DEFAULT NULL,
  `loan_number` varchar(256) DEFAULT NULL,
  `loan_details` varchar(256) DEFAULT NULL,
  `approve_date` varchar(256) DEFAULT NULL,
  `install_period` varchar(256) DEFAULT NULL,
  `status` enum('Granted','Deny','Pause','Done') NOT NULL DEFAULT 'Pause'
) ENGINE=InnoDB DEFAULT CHARSET=utf8;

--
-- Dumping data for table `loan`
--

INSERT INTO `loan` (`id`, `emp_id`, `amount`, `interest_percentage`, `total_amount`, `total_pay`, `total_due`, `installment`, `loan_number`, `loan_details`, `approve_date`, `install_period`, `status`) VALUES
(35, 'Isl1977', '15000', NULL, NULL, '3000', '12000', '1500', '7542628', 'সে বিয়ে করবে ', '2021-12-08', '8', 'Granted'),
(36, 'Isl1321', '5000', NULL, NULL, '0', '0', '500', '18046260', 'হেতে ডেটিং এ যাবে ', '2021-12-15', '10', 'Granted');

-- --------------------------------------------------------

--
-- Table structure for table `loan_installment`
--

CREATE TABLE `loan_installment` (
  `id` int(14) NOT NULL,
  `loan_id` int(14) NOT NULL,
  `emp_id` varchar(64) DEFAULT NULL,
  `loan_number` varchar(256) DEFAULT NULL,
  `install_amount` varchar(256) DEFAULT NULL,
  `pay_amount` varchar(64) DEFAULT NULL,
  `app_date` varchar(256) DEFAULT NULL,
  `receiver` varchar(256) DEFAULT NULL,
  `install_no` varchar(256) DEFAULT NULL,
  `notes` varchar(512) DEFAULT NULL
) ENGINE=InnoDB DEFAULT CHARSET=utf8;

--
-- Dumping data for table `loan_installment`
--

INSERT INTO `loan_installment` (`id`, `loan_id`, `emp_id`, `loan_number`, `install_amount`, `pay_amount`, `app_date`, `receiver`, `install_no`, `notes`) VALUES
(27, 33, 'Isl1385', '4008291', '5000', NULL, '2018-04-21', 'dsf dsf ds fds fdsf ds', '1', 'sf ds fsd fds fsd fdsf ds fsd'),
(28, 33, 'Isl1385', '4008291', '5000', NULL, '2018-04-04', 'dsdsff dsf ds f', '0', 'f dsfdsf dsfs'),
(29, 34, 'EMP1254478', '18194827', '5000', NULL, '2018-04-05', NULL, '4', NULL),
(30, 34, 'EMP1254478', '18194827', '5000', NULL, '2018-06-05', NULL, '3', NULL),
(31, 34, 'EMP1254478', '18194827', '5000', NULL, '2018-06-07', NULL, '2', NULL),
(32, 35, 'Isl1977', '7542628', '1500', NULL, '2021-12-09', NULL, '9', NULL),
(33, 35, 'Isl1977', '7542628', '1500', NULL, '2021-12-01', NULL, '8', NULL);

-- --------------------------------------------------------

--
-- Table structure for table `logistic_asset`
--

CREATE TABLE `logistic_asset` (
  `log_id` int(14) NOT NULL,
  `name` varchar(256) DEFAULT NULL,
  `qty` varchar(64) DEFAULT NULL,
  `entry_date` varchar(64) DEFAULT NULL
) ENGINE=InnoDB DEFAULT CHARSET=utf8;

--
-- Dumping data for table `logistic_asset`
--

INSERT INTO `logistic_asset` (`log_id`, `name`, `qty`, `entry_date`) VALUES
(1, 'Lubricant', '30', '12/25/17');

-- --------------------------------------------------------

--
-- Table structure for table `logistic_assign`
--

CREATE TABLE `logistic_assign` (
  `ass_id` int(14) NOT NULL,
  `asset_id` int(14) NOT NULL,
  `assign_id` varchar(64) DEFAULT NULL,
  `project_id` int(14) NOT NULL,
  `task_id` int(14) NOT NULL,
  `log_qty` varchar(64) DEFAULT NULL,
  `start_date` varchar(64) DEFAULT NULL,
  `end_date` varchar(64) DEFAULT NULL,
  `back_date` varchar(64) DEFAULT NULL,
  `back_qty` varchar(64) DEFAULT NULL,
  `remarks` varchar(512) DEFAULT NULL
) ENGINE=InnoDB DEFAULT CHARSET=utf8;

-- --------------------------------------------------------

--
-- Table structure for table `notice`
--

CREATE TABLE `notice` (
  `id` int(11) NOT NULL,
  `title` text CHARACTER SET utf8 COLLATE utf8_unicode_ci NOT NULL,
  `file_url` varchar(256) DEFAULT NULL,
  `date` varchar(64) DEFAULT NULL
) ENGINE=InnoDB DEFAULT CHARSET=latin1;

--
-- Dumping data for table `notice`
--

INSERT INTO `notice` (`id`, `title`, `file_url`, `date`) VALUES
(4, 'Vacation Similar to the contextual text to any contextual class. Anchor components will darken ', '2021_08_22_15-40-31_pm.pdf', '2021-12-07'),
(5, 'Similar to the contextual text color classes, easily set the background of an element to any contextual class. Anchor components will darken on hover,', 'Cambridge_Legal_English_1.pdf', '2021-11-30'),
(6, 'to the contextual text color classes, easily set the background of an element to any contextual class. Anchor components will darken on hover,', 'jQuery_STC_version.pdf', '2021-11-28');

-- --------------------------------------------------------

--
-- Table structure for table `owner`
--

CREATE TABLE `owner` (
  `id` int(11) NOT NULL,
  `owner_name` varchar(64) NOT NULL,
  `owner_position` varchar(64) DEFAULT NULL,
  `note` int(11) DEFAULT NULL
) ENGINE=InnoDB DEFAULT CHARSET=latin1;

-- --------------------------------------------------------

--
-- Table structure for table `pay_salary`
--

CREATE TABLE `pay_salary` (
  `pay_id` int(14) NOT NULL,
  `emp_id` varchar(64) DEFAULT NULL,
  `type_id` int(14) NOT NULL,
  `month` varchar(64) DEFAULT NULL,
  `year` varchar(64) DEFAULT NULL,
  `paid_date` varchar(64) DEFAULT NULL,
  `total_days` varchar(64) DEFAULT NULL,
  `basic` varchar(64) DEFAULT NULL,
  `medical` varchar(64) DEFAULT NULL,
  `house_rent` varchar(64) DEFAULT NULL,
  `bonus` varchar(64) DEFAULT NULL,
  `bima` varchar(64) DEFAULT NULL,
  `tax` varchar(64) DEFAULT NULL,
  `provident_fund` varchar(64) DEFAULT NULL,
  `loan` varchar(64) DEFAULT NULL,
  `total_pay` varchar(128) DEFAULT NULL,
  `addition` int(128) NOT NULL,
  `diduction` int(128) NOT NULL,
  `status` enum('Paid','Process') DEFAULT 'Process',
  `paid_type` enum('Hand Cash','Bank') NOT NULL DEFAULT 'Bank'
) ENGINE=InnoDB DEFAULT CHARSET=utf8;

--
-- Dumping data for table `pay_salary`
--

INSERT INTO `pay_salary` (`pay_id`, `emp_id`, `type_id`, `month`, `year`, `paid_date`, `total_days`, `basic`, `medical`, `house_rent`, `bonus`, `bima`, `tax`, `provident_fund`, `loan`, `total_pay`, `addition`, `diduction`, `status`, `paid_type`) VALUES
(36, 'Isl1977', 0, 'November', '2021', '2021-12-01', '144', '36000', NULL, NULL, NULL, NULL, NULL, NULL, '1500', '34500.00', 0, 1500, 'Paid', 'Hand Cash'),
(37, 'Isl1321', 0, 'November', '2021', '2021-12-02', '208', '45000', NULL, NULL, NULL, NULL, NULL, NULL, '0', '45000.80', 0, 0, 'Paid', 'Hand Cash'),
(38, 'Doe1753', 0, 'November', '2021', '2021-12-02', '208', '120000', NULL, NULL, NULL, NULL, NULL, NULL, '0', '120000', 0, 0, 'Paid', 'Bank');

-- --------------------------------------------------------

--
-- Table structure for table `penalty`
--

CREATE TABLE `penalty` (
  `id` int(11) NOT NULL,
  `penalty_name` varchar(64) NOT NULL,
  `status` tinyint(1) NOT NULL DEFAULT 1
) ENGINE=InnoDB DEFAULT CHARSET=utf8;

-- --------------------------------------------------------

--
-- Table structure for table `project`
--

CREATE TABLE `project` (
  `id` int(14) NOT NULL,
  `pro_name` varchar(128) DEFAULT NULL,
  `pro_start_date` varchar(128) DEFAULT NULL,
  `pro_end_date` varchar(128) DEFAULT NULL,
  `pro_description` varchar(1024) DEFAULT NULL,
  `pro_summary` varchar(512) DEFAULT NULL,
  `pro_status` enum('upcoming','complete','running') NOT NULL DEFAULT 'running',
  `progress` varchar(128) DEFAULT NULL
) ENGINE=InnoDB DEFAULT CHARSET=latin1;

--
-- Dumping data for table `project`
--

INSERT INTO `project` (`id`, `pro_name`, `pro_start_date`, `pro_end_date`, `pro_description`, `pro_summary`, `pro_status`, `progress`) VALUES
(6, 'Data Analysis Seminer', '2022-02-21', '2022-02-29', ' f ih sa fjsiajf siajfiaj fifi jfiajf iajfiosajf ioajiowafjwioj fiow', 'iodfisjhf iiejgiejfi efiwe wjfie fjwie fjie ie fji', 'upcoming', NULL),
(7, 'End Year', '2021-12-02', '2021-12-10', ' Similar to the contextual text color classes, easily set the background of an element to any contextual class. Anchor components will darken on hover, just like the text classes. Background utilities do not set color, so in some cases you’ll want to use .text-* utilities.\r\n\r\n.bg-primarySimilar to the contextual text color classes, easily set the background of an element to any contextual class. Anchor components will darken on hover, just like the text classes. Background utilities do not set color, so in some cases you’ll want to use .text-* utilities.\r\n\r\n.bg-primary', 'Similar to the contextual text color classes, easily set the background of an element to any contextual class. Anchor components will darken on hover, just like the text classes. Background utilities do not set color, so in some cases you’ll want to use .text-* utilities.\r\n\r\n.bg-primary', 'running', NULL);

-- --------------------------------------------------------

--
-- Table structure for table `project_file`
--

CREATE TABLE `project_file` (
  `id` int(14) NOT NULL,
  `pro_id` int(14) NOT NULL,
  `file_details` varchar(1028) DEFAULT NULL,
  `file_url` varchar(256) DEFAULT NULL,
  `assigned_to` varchar(64) DEFAULT NULL
) ENGINE=InnoDB DEFAULT CHARSET=utf8;

-- --------------------------------------------------------

--
-- Table structure for table `pro_expenses`
--

CREATE TABLE `pro_expenses` (
  `id` int(14) NOT NULL,
  `pro_id` int(14) NOT NULL,
  `assign_to` varchar(64) DEFAULT NULL,
  `details` varchar(512) DEFAULT NULL,
  `amount` varchar(256) DEFAULT NULL,
  `date` varchar(128) DEFAULT NULL
) ENGINE=InnoDB DEFAULT CHARSET=utf8;

-- --------------------------------------------------------

--
-- Table structure for table `pro_notes`
--

CREATE TABLE `pro_notes` (
  `id` int(14) NOT NULL,
  `assign_to` varchar(64) DEFAULT NULL,
  `pro_id` int(14) NOT NULL,
  `details` varchar(1024) DEFAULT NULL
) ENGINE=InnoDB DEFAULT CHARSET=utf8;

-- --------------------------------------------------------

--
-- Table structure for table `pro_task`
--

CREATE TABLE `pro_task` (
  `id` int(14) NOT NULL,
  `pro_id` int(14) NOT NULL,
  `task_title` varchar(256) DEFAULT NULL,
  `start_date` varchar(128) DEFAULT NULL,
  `end_date` varchar(128) DEFAULT NULL,
  `image` varchar(128) DEFAULT NULL,
  `description` varchar(2048) DEFAULT NULL,
  `task_type` enum('Office','Field') NOT NULL DEFAULT 'Office',
  `status` enum('running','complete','cancel') DEFAULT 'running',
  `location` varchar(512) DEFAULT NULL,
  `return_date` varchar(128) DEFAULT NULL,
  `total_days` varchar(128) DEFAULT NULL,
  `create_date` varchar(128) DEFAULT NULL,
  `approve_status` enum('Approved','Not Approve','Rejected') NOT NULL DEFAULT 'Not Approve'
) ENGINE=InnoDB DEFAULT CHARSET=utf8;

-- --------------------------------------------------------

--
-- Table structure for table `pro_task_assets`
--

CREATE TABLE `pro_task_assets` (
  `id` int(11) NOT NULL,
  `pro_task_id` int(11) NOT NULL,
  `assign_id` varchar(64) DEFAULT NULL
) ENGINE=InnoDB DEFAULT CHARSET=latin1;

-- --------------------------------------------------------

--
-- Table structure for table `salary_type`
--

CREATE TABLE `salary_type` (
  `id` int(14) NOT NULL,
  `salary_type` varchar(256) DEFAULT NULL,
  `create_date` varchar(256) DEFAULT NULL
) ENGINE=InnoDB DEFAULT CHARSET=utf8;

--
-- Dumping data for table `salary_type`
--

INSERT INTO `salary_type` (`id`, `salary_type`, `create_date`) VALUES
(1, 'Hourly', '2017-11-22'),
(2, 'Monthly', '2017-12-30'),
(3, 'Deal', '2017-12-29'),
(4, 'Hourly', '2018-03-31');

-- --------------------------------------------------------

--
-- Table structure for table `settings`
--

CREATE TABLE `settings` (
  `id` int(11) NOT NULL,
  `sitelogo` varchar(128) DEFAULT NULL,
  `sitetitle` varchar(256) DEFAULT NULL,
  `description` varchar(512) DEFAULT NULL,
  `copyright` varchar(128) DEFAULT NULL,
  `contact` varchar(128) DEFAULT NULL,
  `currency` varchar(128) DEFAULT NULL,
  `symbol` varchar(64) DEFAULT NULL,
  `system_email` varchar(128) DEFAULT NULL,
  `address` varchar(256) DEFAULT NULL,
  `address2` varchar(256) NOT NULL
) ENGINE=InnoDB DEFAULT CHARSET=utf8;

--
-- Dumping data for table `settings`
--

INSERT INTO `settings` (`id`, `sitelogo`, `sitetitle`, `description`, `copyright`, `contact`, `currency`, `symbol`, `system_email`, `address`, `address2`) VALUES
(1, 'BNS-MArketion-Group-Logo-150x150.png', 'Islam IT Care', 'Prochesta Foundation aims at the upliftment & betterment of people living below the poverty line.', 'Islam IT Care', '01825682260', 'BDT', '$', 'islamyearul@gmail.com', '56/3/kha, South Mugda para, Dhaka, 1214', 'Dhaka');

-- --------------------------------------------------------

--
-- Table structure for table `social_media`
--

CREATE TABLE `social_media` (
  `id` int(14) NOT NULL,
  `emp_id` varchar(64) DEFAULT NULL,
  `facebook` varchar(256) DEFAULT NULL,
  `twitter` varchar(256) DEFAULT NULL,
  `google_plus` varchar(512) DEFAULT NULL,
  `skype_id` varchar(256) DEFAULT NULL
) ENGINE=InnoDB DEFAULT CHARSET=utf8;

-- --------------------------------------------------------

--
-- Table structure for table `to-do_list`
--

CREATE TABLE `to-do_list` (
  `id` int(14) NOT NULL,
  `user_id` varchar(64) DEFAULT NULL,
  `to_dodata` varchar(256) CHARACTER SET utf8 COLLATE utf8_unicode_ci DEFAULT NULL,
  `date` varchar(128) DEFAULT NULL,
  `value` varchar(14) DEFAULT NULL
) ENGINE=InnoDB DEFAULT CHARSET=utf8;

--
-- Indexes for dumped tables
--

--
-- Indexes for table `addition`
--
ALTER TABLE `addition`
  ADD PRIMARY KEY (`addi_id`);

--
-- Indexes for table `address`
--
ALTER TABLE `address`
  ADD PRIMARY KEY (`id`);

--
-- Indexes for table `assets`
--
ALTER TABLE `assets`
  ADD PRIMARY KEY (`ass_id`);

--
-- Indexes for table `assets_category`
--
ALTER TABLE `assets_category`
  ADD PRIMARY KEY (`cat_id`);

--
-- Indexes for table `assign_leave`
--
ALTER TABLE `assign_leave`
  ADD PRIMARY KEY (`id`);

--
-- Indexes for table `assign_task`
--
ALTER TABLE `assign_task`
  ADD PRIMARY KEY (`id`);

--
-- Indexes for table `attendance`
--
ALTER TABLE `attendance`
  ADD PRIMARY KEY (`id`);

--
-- Indexes for table `bank_info`
--
ALTER TABLE `bank_info`
  ADD PRIMARY KEY (`id`);

--
-- Indexes for table `deduction`
--
ALTER TABLE `deduction`
  ADD PRIMARY KEY (`de_id`);

--
-- Indexes for table `department`
--
ALTER TABLE `department`
  ADD PRIMARY KEY (`id`);

--
-- Indexes for table `desciplinary`
--
ALTER TABLE `desciplinary`
  ADD PRIMARY KEY (`id`);

--
-- Indexes for table `designation`
--
ALTER TABLE `designation`
  ADD PRIMARY KEY (`id`);

--
-- Indexes for table `earned_leave`
--
ALTER TABLE `earned_leave`
  ADD PRIMARY KEY (`id`);

--
-- Indexes for table `education`
--
ALTER TABLE `education`
  ADD PRIMARY KEY (`id`);

--
-- Indexes for table `employee`
--
ALTER TABLE `employee`
  ADD PRIMARY KEY (`id`);

--
-- Indexes for table `employee_file`
--
ALTER TABLE `employee_file`
  ADD PRIMARY KEY (`id`);

--
-- Indexes for table `emp_assets`
--
ALTER TABLE `emp_assets`
  ADD PRIMARY KEY (`id`);

--
-- Indexes for table `emp_experience`
--
ALTER TABLE `emp_experience`
  ADD PRIMARY KEY (`id`);

--
-- Indexes for table `emp_leave`
--
ALTER TABLE `emp_leave`
  ADD PRIMARY KEY (`id`);

--
-- Indexes for table `emp_penalty`
--
ALTER TABLE `emp_penalty`
  ADD PRIMARY KEY (`id`);

--
-- Indexes for table `emp_salary`
--
ALTER TABLE `emp_salary`
  ADD PRIMARY KEY (`id`);

--
-- Indexes for table `field_visit`
--
ALTER TABLE `field_visit`
  ADD PRIMARY KEY (`id`);

--
-- Indexes for table `holiday`
--
ALTER TABLE `holiday`
  ADD PRIMARY KEY (`id`);

--
-- Indexes for table `leave_types`
--
ALTER TABLE `leave_types`
  ADD PRIMARY KEY (`type_id`);

--
-- Indexes for table `loan`
--
ALTER TABLE `loan`
  ADD PRIMARY KEY (`id`);

--
-- Indexes for table `loan_installment`
--
ALTER TABLE `loan_installment`
  ADD PRIMARY KEY (`id`);

--
-- Indexes for table `logistic_asset`
--
ALTER TABLE `logistic_asset`
  ADD PRIMARY KEY (`log_id`);

--
-- Indexes for table `logistic_assign`
--
ALTER TABLE `logistic_assign`
  ADD PRIMARY KEY (`ass_id`);

--
-- Indexes for table `notice`
--
ALTER TABLE `notice`
  ADD PRIMARY KEY (`id`);

--
-- Indexes for table `pay_salary`
--
ALTER TABLE `pay_salary`
  ADD PRIMARY KEY (`pay_id`);

--
-- Indexes for table `project`
--
ALTER TABLE `project`
  ADD PRIMARY KEY (`id`);

--
-- Indexes for table `project_file`
--
ALTER TABLE `project_file`
  ADD PRIMARY KEY (`id`);

--
-- Indexes for table `pro_expenses`
--
ALTER TABLE `pro_expenses`
  ADD PRIMARY KEY (`id`);

--
-- Indexes for table `pro_notes`
--
ALTER TABLE `pro_notes`
  ADD PRIMARY KEY (`id`);

--
-- Indexes for table `pro_task`
--
ALTER TABLE `pro_task`
  ADD PRIMARY KEY (`id`);

--
-- Indexes for table `pro_task_assets`
--
ALTER TABLE `pro_task_assets`
  ADD PRIMARY KEY (`id`);

--
-- Indexes for table `salary_type`
--
ALTER TABLE `salary_type`
  ADD PRIMARY KEY (`id`);

--
-- Indexes for table `settings`
--
ALTER TABLE `settings`
  ADD PRIMARY KEY (`id`);

--
-- Indexes for table `social_media`
--
ALTER TABLE `social_media`
  ADD PRIMARY KEY (`id`);

--
-- Indexes for table `to-do_list`
--
ALTER TABLE `to-do_list`
  ADD PRIMARY KEY (`id`);

--
-- AUTO_INCREMENT for dumped tables
--

--
-- AUTO_INCREMENT for table `addition`
--
ALTER TABLE `addition`
  MODIFY `addi_id` int(14) NOT NULL AUTO_INCREMENT, AUTO_INCREMENT=30;

--
-- AUTO_INCREMENT for table `address`
--
ALTER TABLE `address`
  MODIFY `id` int(14) NOT NULL AUTO_INCREMENT, AUTO_INCREMENT=29;

--
-- AUTO_INCREMENT for table `assets`
--
ALTER TABLE `assets`
  MODIFY `ass_id` int(14) NOT NULL AUTO_INCREMENT, AUTO_INCREMENT=21;

--
-- AUTO_INCREMENT for table `assets_category`
--
ALTER TABLE `assets_category`
  MODIFY `cat_id` int(14) NOT NULL AUTO_INCREMENT, AUTO_INCREMENT=5;

--
-- AUTO_INCREMENT for table `assign_leave`
--
ALTER TABLE `assign_leave`
  MODIFY `id` int(14) NOT NULL AUTO_INCREMENT, AUTO_INCREMENT=22;

--
-- AUTO_INCREMENT for table `assign_task`
--
ALTER TABLE `assign_task`
  MODIFY `id` int(14) NOT NULL AUTO_INCREMENT, AUTO_INCREMENT=34;

--
-- AUTO_INCREMENT for table `attendance`
--
ALTER TABLE `attendance`
  MODIFY `id` int(14) NOT NULL AUTO_INCREMENT, AUTO_INCREMENT=1033;

--
-- AUTO_INCREMENT for table `bank_info`
--
ALTER TABLE `bank_info`
  MODIFY `id` int(14) NOT NULL AUTO_INCREMENT, AUTO_INCREMENT=10;

--
-- AUTO_INCREMENT for table `deduction`
--
ALTER TABLE `deduction`
  MODIFY `de_id` int(14) NOT NULL AUTO_INCREMENT, AUTO_INCREMENT=30;

--
-- AUTO_INCREMENT for table `department`
--
ALTER TABLE `department`
  MODIFY `id` int(11) NOT NULL AUTO_INCREMENT, AUTO_INCREMENT=8;

--
-- AUTO_INCREMENT for table `desciplinary`
--
ALTER TABLE `desciplinary`
  MODIFY `id` int(14) NOT NULL AUTO_INCREMENT, AUTO_INCREMENT=5;

--
-- AUTO_INCREMENT for table `designation`
--
ALTER TABLE `designation`
  MODIFY `id` int(11) NOT NULL AUTO_INCREMENT, AUTO_INCREMENT=21;

--
-- AUTO_INCREMENT for table `earned_leave`
--
ALTER TABLE `earned_leave`
  MODIFY `id` int(14) NOT NULL AUTO_INCREMENT, AUTO_INCREMENT=33;

--
-- AUTO_INCREMENT for table `education`
--
ALTER TABLE `education`
  MODIFY `id` int(11) NOT NULL AUTO_INCREMENT, AUTO_INCREMENT=22;

--
-- AUTO_INCREMENT for table `employee`
--
ALTER TABLE `employee`
  MODIFY `id` int(11) NOT NULL AUTO_INCREMENT, AUTO_INCREMENT=42;

--
-- AUTO_INCREMENT for table `employee_file`
--
ALTER TABLE `employee_file`
  MODIFY `id` int(14) NOT NULL AUTO_INCREMENT, AUTO_INCREMENT=6;

--
-- AUTO_INCREMENT for table `emp_assets`
--
ALTER TABLE `emp_assets`
  MODIFY `id` int(11) NOT NULL AUTO_INCREMENT;

--
-- AUTO_INCREMENT for table `emp_experience`
--
ALTER TABLE `emp_experience`
  MODIFY `id` int(14) NOT NULL AUTO_INCREMENT, AUTO_INCREMENT=21;

--
-- AUTO_INCREMENT for table `emp_leave`
--
ALTER TABLE `emp_leave`
  MODIFY `id` int(11) NOT NULL AUTO_INCREMENT, AUTO_INCREMENT=40;

--
-- AUTO_INCREMENT for table `emp_penalty`
--
ALTER TABLE `emp_penalty`
  MODIFY `id` int(11) NOT NULL AUTO_INCREMENT;

--
-- AUTO_INCREMENT for table `emp_salary`
--
ALTER TABLE `emp_salary`
  MODIFY `id` int(11) NOT NULL AUTO_INCREMENT, AUTO_INCREMENT=30;

--
-- AUTO_INCREMENT for table `field_visit`
--
ALTER TABLE `field_visit`
  MODIFY `id` int(14) NOT NULL AUTO_INCREMENT, AUTO_INCREMENT=24;

--
-- AUTO_INCREMENT for table `holiday`
--
ALTER TABLE `holiday`
  MODIFY `id` int(11) NOT NULL AUTO_INCREMENT, AUTO_INCREMENT=5;

--
-- AUTO_INCREMENT for table `leave_types`
--
ALTER TABLE `leave_types`
  MODIFY `type_id` int(14) NOT NULL AUTO_INCREMENT, AUTO_INCREMENT=10;

--
-- AUTO_INCREMENT for table `loan`
--
ALTER TABLE `loan`
  MODIFY `id` int(14) NOT NULL AUTO_INCREMENT, AUTO_INCREMENT=37;

--
-- AUTO_INCREMENT for table `loan_installment`
--
ALTER TABLE `loan_installment`
  MODIFY `id` int(14) NOT NULL AUTO_INCREMENT, AUTO_INCREMENT=34;

--
-- AUTO_INCREMENT for table `logistic_asset`
--
ALTER TABLE `logistic_asset`
  MODIFY `log_id` int(14) NOT NULL AUTO_INCREMENT, AUTO_INCREMENT=2;

--
-- AUTO_INCREMENT for table `logistic_assign`
--
ALTER TABLE `logistic_assign`
  MODIFY `ass_id` int(14) NOT NULL AUTO_INCREMENT, AUTO_INCREMENT=11;

--
-- AUTO_INCREMENT for table `notice`
--
ALTER TABLE `notice`
  MODIFY `id` int(11) NOT NULL AUTO_INCREMENT, AUTO_INCREMENT=7;

--
-- AUTO_INCREMENT for table `pay_salary`
--
ALTER TABLE `pay_salary`
  MODIFY `pay_id` int(14) NOT NULL AUTO_INCREMENT, AUTO_INCREMENT=39;

--
-- AUTO_INCREMENT for table `project`
--
ALTER TABLE `project`
  MODIFY `id` int(14) NOT NULL AUTO_INCREMENT, AUTO_INCREMENT=8;

--
-- AUTO_INCREMENT for table `project_file`
--
ALTER TABLE `project_file`
  MODIFY `id` int(14) NOT NULL AUTO_INCREMENT, AUTO_INCREMENT=3;

--
-- AUTO_INCREMENT for table `pro_expenses`
--
ALTER TABLE `pro_expenses`
  MODIFY `id` int(14) NOT NULL AUTO_INCREMENT, AUTO_INCREMENT=4;

--
-- AUTO_INCREMENT for table `pro_notes`
--
ALTER TABLE `pro_notes`
  MODIFY `id` int(14) NOT NULL AUTO_INCREMENT, AUTO_INCREMENT=5;

--
-- AUTO_INCREMENT for table `pro_task`
--
ALTER TABLE `pro_task`
  MODIFY `id` int(14) NOT NULL AUTO_INCREMENT, AUTO_INCREMENT=15;

--
-- AUTO_INCREMENT for table `pro_task_assets`
--
ALTER TABLE `pro_task_assets`
  MODIFY `id` int(11) NOT NULL AUTO_INCREMENT;

--
-- AUTO_INCREMENT for table `salary_type`
--
ALTER TABLE `salary_type`
  MODIFY `id` int(14) NOT NULL AUTO_INCREMENT, AUTO_INCREMENT=5;

--
-- AUTO_INCREMENT for table `settings`
--
ALTER TABLE `settings`
  MODIFY `id` int(11) NOT NULL AUTO_INCREMENT, AUTO_INCREMENT=2;

--
-- AUTO_INCREMENT for table `social_media`
--
ALTER TABLE `social_media`
  MODIFY `id` int(14) NOT NULL AUTO_INCREMENT, AUTO_INCREMENT=5;

--
-- AUTO_INCREMENT for table `to-do_list`
--
ALTER TABLE `to-do_list`
  MODIFY `id` int(14) NOT NULL AUTO_INCREMENT, AUTO_INCREMENT=31;
COMMIT;

/*!40101 SET CHARACTER_SET_CLIENT=@OLD_CHARACTER_SET_CLIENT */;
/*!40101 SET CHARACTER_SET_RESULTS=@OLD_CHARACTER_SET_RESULTS */;
/*!40101 SET COLLATION_CONNECTION=@OLD_COLLATION_CONNECTION */;
